,City,Population,HousingUnits,AreaSQMT,DensitySQMP,DensitySQMH
0,IOWA,3046355,1336417,56272.81,54.5,23.9
1,ACKLEY,1589,789,2.48,648.6,322.0
4,ACKWORTH,83,38,0.29,284.2,130.1
5,ADAIR,781,403,2.21,355.4,183.4
8,ADEL,3682,1579,3.28,1124.5,482.2
9,AFTON,845,400,0.99,856.5,405.4
10,AGENCY,638,306,0.65,981.7,470.9
11,AINSWORTH,567,218,0.38,1510.6,580.8
12,AKRON,1486,702,1.22,1220.5,576.6
13,ALBERT CITY,699,336,0.54,1290.9,620.5
14,ALBIA,3766,1763,3.19,1182.0,553.3
15,ALBION,505,220,0.6,848.5,369.7
16,ALBURNETT,673,252,0.82,822.5,308.0
17,ALDEN,787,368,1.72,460.7,215.4
18,ALEXANDER,175,86,4.27,41.0,20.1
19,ALGONA,5560,2711,4.51,1238.7,604.0
20,ALLEMAN,432,152,2.7,159.9,56.3
21,ALLERTON,501,250,1.14,440.1,219.6
22,ALLISON,1029,470,2.93,351.0,160.3
23,ALTA,1883,838,1.07,1754.4,780.8
24,ALTA VISTA,266,132,0.76,352.0,174.7
25,ALTON,1216,493,1.85,658.7,267.1
26,ALTOONA,14541,5702,9.35,1554.8,609.7
27,ALVORD,196,85,0.28,712.2,308.9
28,AMANA ,442,209,1.13,392.4,185.6
29,AMES,58965,23876,24.28,2435.2,986.0
30,ANAMOSA,5533,2105,2.61,2128.8,809.9
31,ANDERSON ,65,27,0.33,197.6,82.1
32,ANDOVER,103,40,0.19,537.6,208.8
33,ANDREW,434,173,0.27,1627.9,648.9
34,ANITA,972,488,1.7,570.6,286.5
35,ANKENY,45582,18339,29.33,1554.1,625.3
36,ANTHON,565,295,0.71,800.3,417.9
37,APLINGTON,1128,505,0.83,1354.6,606.4
38,ARCADIA,484,195,0.98,491.7,198.1
39,ARCHER,131,63,0.09,1395.4,671.1
40,AREDALE,74,40,0.99,74.6,40.3
41,ARION,108,48,0.47,227.5,101.1
42,ARISPE,100,49,0.52,193.4,94.8
43,ARLINGTON,429,212,1.05,409.2,202.2
44,ARMSTRONG,926,439,0.88,1057.6,501.4
45,ARNOLDS PARK,1126,1516,1.57,715.5,963.3
46,ARTHUR,206,113,0.15,1355.3,743.4
47,ASBURY,4170,1463,2.66,1569.9,550.8
48,ASHTON,458,211,1.01,454.1,209.2
49,ASPINWALL,40,27,0.18,225.2,152.0
50,ATALISSA,311,122,0.14,2293.0,899.5
51,ATHELSTAN ,19,13,0.13,146.0,99.9
52,ATKINS,1670,610,1.09,1528.5,558.3
53,ATLANTIC,7112,3399,8.35,855.2,408.7
54,AUBURN,322,146,0.5,646.6,293.2
55,AUDUBON,2176,1106,1.88,1156.6,587.9
56,AURELIA,1036,447,1.04,992.3,428.1
57,AURORA,185,89,0.57,322.7,155.3
58,AVOCA,1506,711,2.13,708.2,334.4
59,AYRSHIRE,143,95,0.21,690.6,458.8
60,BADGER,561,229,1.09,513.8,209.7
61,BAGLEY,303,147,0.31,980.0,475.4
62,BALDWIN,109,60,0.36,300.3,165.3
63,BALLTOWN,68,33,0.09,749.6,363.8
64,BANCROFT,732,360,0.55,1330.4,654.3
65,BANKSTON,25,9,0.29,87.1,31.4
66,BARNES CITY,176,99,0.59,297.1,167.1
69,BARNUM,191,77,0.37,520.3,209.7
70,BARTLETT ,50,25,0.4,124.9,62.5
71,BASSETT,66,37,0.37,179.1,100.4
72,BATAVIA,499,236,0.6,838.5,396.6
73,BATTLE CREEK,713,368,0.5,1430.2,738.2
74,BAXTER,1101,446,0.65,1684.6,682.4
75,BAYARD,471,232,0.46,1028.3,506.5
76,BEACON,494,237,1.0,494.0,237.0
77,BEACONSFIELD,15,14,0.72,20.9,19.5
78,BEAMAN,191,85,0.19,1023.5,455.5
79,BEAVER,48,28,0.25,192.7,112.4
80,BEAVERDALE ,952,447,2.45,390.8,183.5
81,BEDFORD,1440,730,1.61,898.5,455.5
82,BELLE PLAINE,2534,1258,3.23,787.1,390.7
83,BELLEVUE,2191,1120,1.41,1638.5,837.6
84,BELMOND,2376,1197,2.85,834.1,420.2
85,BENNETT,405,172,0.2,2074.1,880.8
86,BENTLEY ,118,50,1.03,114.9,48.7
87,BENTON,41,21,0.64,64.4,33.0
88,BERKLEY,32,14,0.21,154.5,67.6
89,BERNARD,112,56,0.11,1052.7,526.3
90,BERTRAM,294,114,1.68,175.2,67.9
91,BETTENDORF,33217,14437,22.36,1565.6,680.5
92,BEVINGTON,63,28,0.46,139.8,62.1
95,BIRMINGHAM,448,213,1.06,424.4,201.8
96,BLAIRSBURG,215,93,0.65,332.9,144.0
97,BLAIRSTOWN,692,314,0.52,1338.7,607.4
98,BLAKESBURG,296,169,0.27,1101.6,629.0
99,BLANCHARD,38,22,0.23,167.6,97.0
100,BLENCOE,224,116,0.76,295.8,153.2
101,BLOCKTON,192,110,0.65,297.3,170.3
102,BLOOMFIELD,2640,1259,2.28,1171.6,558.7
103,BLUE GRASS,1452,597,2.89,502.9,206.8
106,BODE,302,165,0.41,741.4,405.1
107,BOLAN ,33,13,2.89,11.4,4.5
109,BONDURANT,3860,1422,8.4,460.7,169.7
110,BOONE,12661,5917,9.02,1403.9,656.1
111,BOUTON,129,63,0.14,926.6,452.5
112,BOXHOLM,195,109,1.02,191.3,106.9
113,BOYDEN,707,290,0.75,942.9,386.8
114,BRADDYVILLE,159,82,0.53,299.6,154.5
115,BRADFORD ,99,57,0.58,170.0,97.9
116,BRADGATE,86,40,0.35,247.3,115.0
117,BRANDON,309,152,0.32,979.7,481.9
118,BRAYTON,128,70,0.62,207.6,113.5
119,BREDA,483,226,0.74,651.6,304.9
120,BRIDGEWATER,182,100,0.29,629.8,346.0
121,BRIGHTON,652,295,0.71,914.5,413.8
122,BRISTOW,160,84,0.94,171.1,89.8
123,BRITT,2069,979,1.26,1636.7,774.4
124,BRONSON,322,117,0.31,1053.3,382.7
125,BROOKLYN,1468,665,1.23,1188.9,538.6
126,BRUNSVILLE,151,66,0.24,639.6,279.6
127,BUCKEYE,108,49,1.0,108.4,49.2
128,BUCK GROVE,43,19,0.36,118.4,52.3
129,BUFFALO,1270,527,6.48,197.0,81.8
130,BUFFALO CENTER,905,465,1.07,842.7,433.0
131,BURCHINAL ,40,23,0.08,518.9,298.4
132,BURLINGTON,25663,11899,15.24,1772.2,821.7
133,BURR OAK ,166,80,0.69,240.7,116.0
134,BURT,533,232,0.44,1224.8,533.1
135,BUSSEY,422,209,0.33,1268.1,628.1
136,CALAMUS,439,185,0.48,909.3,383.2
137,CALIFORNIA JUNCTION ,85,34,0.46,184.6,73.8
138,CALLENDER,376,178,0.52,718.0,339.9
139,CALMAR,978,492,1.07,910.5,458.1
140,CALUMET,170,86,0.27,639.5,323.5
141,CAMANCHE,4448,2010,9.43,512.4,231.5
142,CAMBRIDGE,827,342,1.1,751.8,310.9
143,CANTRIL,222,118,0.51,436.4,232.0
144,CARBON,34,21,0.71,48.2,29.7
145,CARLISLE,3876,1524,5.57,696.9,274.0
148,CARPENTER,109,51,0.16,680.0,318.2
149,CARROLL,10103,4698,5.69,1774.2,825.0
150,CARSON,812,353,0.71,1145.4,498.0
151,CARTER LAKE,3785,1481,2.02,2024.9,792.3
152,CASCADE,2159,974,1.87,1154.7,520.9
155,CASEY,426,215,0.74,576.4,290.9
158,CASTALIA,173,84,0.58,297.4,144.4
159,CASTANA,147,78,0.93,158.7,84.2
160,CEDAR FALLS,39260,15477,29.6,1365.7,538.4
161,CEDAR RAPIDS,126326,57217,72.07,1784.3,808.2
162,CENTER JUNCTION,111,58,0.55,201.9,105.5
163,CENTER POINT,2421,942,2.6,932.4,362.8
164,CENTERVILLE,5528,2838,4.89,1136.4,583.4
165,CENTRAL CITY,1257,556,0.97,1329.6,588.1
166,CENTRALIA,134,54,0.58,231.6,93.3
167,CHAPIN ,87,40,0.07,1247.4,573.5
168,CHARITON,4321,2114,3.82,1132.2,553.9
169,CHARLES CITY,7652,3761,6.3,1231.0,605.0
170,CHARLOTTE,394,174,0.58,685.1,302.5
171,CHARTER OAK,502,268,0.48,1039.8,555.1
172,CHATSWORTH,79,41,0.49,160.4,83.3
173,CHELSEA,267,111,1.01,264.5,109.9
174,CHEROKEE,5253,2569,6.45,817.4,399.8
175,CHESTER,127,77,1.34,94.9,57.6
176,CHILLICOTHE,97,45,0.24,427.0,198.1
177,CHURDAN,386,203,2.12,182.7,96.1
178,CINCINNATI,357,184,1.74,204.6,105.5
179,CLARE,146,74,0.51,288.2,146.1
180,CLARENCE,974,455,0.68,1441.1,673.2
181,CLARINDA,5572,2180,5.22,1074.3,420.3
182,CLARION,2850,1346,3.26,875.0,413.2
183,CLARKSVILLE,1439,619,1.37,1078.9,464.1
184,CLAYTON,43,84,0.49,87.0,169.9
185,CLEARFIELD,363,178,1.26,289.0,141.7
188,CLEAR LAKE,7777,4423,13.44,720.3,409.7
189,CLEGHORN,240,113,0.34,703.2,331.1
190,CLEMONS,148,66,0.27,548.2,244.5
191,CLERMONT,632,310,1.23,514.4,252.3
192,CLIMBING HILL ,97,47,1.28,75.7,36.7
193,CLINTON,26885,12202,38.01,764.8,347.1
194,CLIO,80,44,0.75,106.5,58.6
195,CLIVE,15447,6077,7.71,2036.1,801.0
198,CLUTIER,213,121,0.76,280.7,159.5
199,COALVILLE ,610,289,2.26,279.2,132.3
200,COBURG,42,13,0.29,144.5,44.7
201,COGGON,658,288,0.64,1053.6,461.2
202,COIN,193,99,0.8,241.1,123.7
203,COLESBURG,404,200,0.29,1392.9,689.6
204,COLFAX,2093,927,1.81,1166.5,516.6
205,COLLEGE SPRINGS,214,90,1.1,195.4,82.2
206,COLLINS,495,219,0.49,1006.7,445.4
207,COLO,876,370,1.06,824.8,348.4
208,COLUMBUS CITY,391,155,0.24,1637.2,649.0
209,COLUMBUS JUNCTION,1899,760,2.19,867.9,347.4
210,COLWELL,73,35,0.18,397.4,190.5
211,CONESVILLE,432,153,0.36,1204.9,426.7
212,CONRAD,1108,507,1.2,926.9,424.1
213,CONROY ,259,101,0.76,339.7,132.5
214,CONWAY,41,24,0.22,185.5,108.6
215,COON RAPIDS,1305,613,1.78,731.8,343.8
218,COPPOCK,47,19,0.24,201.2,81.3
222,CORALVILLE,18907,8310,12.05,1574.8,692.1
223,CORLEY ,26,14,0.06,435.2,234.3
224,CORNING,1635,849,1.59,1032.4,536.1
225,CORRECTIONVILLE,821,391,0.57,1442.5,687.0
226,CORWITH,309,167,1.48,209.2,113.0
227,CORYDON,1585,785,1.39,1137.9,563.6
228,COTTER,48,24,0.25,195.6,97.8
229,COULTER,281,117,2.45,114.7,47.7
230,COUNCIL BLUFFS,62230,26594,43.62,1518.8,649.1
231,CRAIG,89,45,0.09,981.0,496.0
232,CRAWFORDSVILLE,264,120,0.35,751.7,341.7
233,CRESCENT,617,241,1.09,565.8,221.0
234,CRESCO,3868,1821,3.35,1155.3,543.9
235,CRESTON,7834,3773,5.25,1510.1,727.3
236,CROMWELL,107,48,0.29,368.9,165.5
237,CRYSTAL LAKE,250,140,0.25,981.0,549.4
238,CUMBERLAND,262,132,0.6,436.2,219.8
239,CUMMING,351,136,2.57,137.4,53.2
240,CURLEW,58,31,0.76,76.6,40.9
241,CUSHING,220,115,0.32,683.5,357.3
242,CYLINDER,88,44,0.07,1241.1,620.5
243,DAKOTA CITY,843,382,0.78,1143.1,518.0
244,DALLAS CENTER,1623,669,4.58,354.2,146.0
245,DANA,71,32,0.28,252.2,113.7
246,DANBURY,348,185,0.4,859.5,456.9
247,DANVILLE,934,387,0.75,1237.7,512.8
248,DAVENPORT,99685,44087,65.07,1583.6,700.4
249,DAVIS CITY,204,121,0.59,345.8,205.1
250,DAWSON,131,63,0.48,274.2,131.9
251,DAYTON,837,376,0.85,989.1,444.3
252,DECATUR CITY,197,91,0.4,495.7,229.0
253,DECORAH,8127,3121,7.04,1158.9,445.0
254,DEDHAM,266,107,0.58,459.4,184.8
255,DEEP RIVER,279,130,0.43,656.1,305.7
256,DEFIANCE,284,132,0.39,720.9,335.0
257,DELAWARE,159,85,0.81,198.6,106.2
258,DELHI,460,225,1.03,472.4,231.0
259,DELMAR,525,227,0.76,691.1,298.8
260,DELOIT,264,123,0.42,633.0,294.9
261,DELPHOS,25,15,0.22,112.3,67.4
262,DELTA,328,172,0.93,351.7,184.4
263,DENISON,8298,2968,6.58,1268.1,453.6
264,DENMARK ,423,192,1.66,254.7,115.6
265,DENVER,1780,731,1.65,1086.5,446.2
266,DERBY,115,55,0.26,442.2,211.5
267,DES MOINES,203433,88729,82.6,2515.6,1097.2
270,DE SOTO,1050,417,1.52,690.2,274.1
271,DE WITT,5322,2306,5.98,890.1,385.7
272,DEXTER,611,284,2.35,260.4,121.1
273,DIAGONAL,330,145,0.91,365.1,160.4
274,DIAMONDHEAD LAKE ,366,233,0.78,587.2,373.8
275,DICKENS,185,76,0.84,219.3,90.1
276,DIKE,1209,497,1.39,866.8,356.3
277,DIXON,247,104,0.15,1672.3,704.1
278,DOLLIVER,66,42,0.36,181.3,115.4
279,DONAHUE,346,127,0.35,1000.4,367.2
280,DONNELLSON,912,415,1.26,721.6,328.4
281,DOON,577,224,0.57,1006.2,390.6
282,DOUDS ,152,85,2.31,68.7,38.4
283,DOUGHERTY,58,43,0.55,105.6,78.3
284,DOW CITY,510,242,0.32,1596.4,757.5
285,DOWS,538,305,0.8,699.4,396.5
288,DRAKESVILLE,184,85,0.25,747.7,345.4
289,DUBUQUE,57637,25029,31.22,1923.3,835.2
290,DUMONT,637,312,1.76,362.8,177.7
291,DUNCAN ,131,35,0.79,166.8,44.6
292,DUNCOMBE,410,193,1.97,208.2,98.0
293,DUNDEE,174,88,0.36,480.2,242.9
294,DUNKERTON,852,338,0.99,869.1,344.8
295,DUNLAP,1042,519,1.15,922.9,459.7
298,DURANGO,22,10,0.04,573.2,260.5
299,DURANT,1832,783,1.15,1594.7,681.6
303,DYERSVILLE,4058,1808,5.63,721.0,321.2
306,DYSART,1379,598,1.25,1107.5,480.2
307,EAGLE GROVE,3583,1649,4.04,886.8,408.1
308,EARLHAM,1450,571,0.97,1499.0,590.3
309,EARLING,437,185,0.6,725.1,307.0
310,EARLVILLE,812,354,0.55,1469.6,640.7
311,EARLY,557,287,0.39,1425.5,734.5
312,EAST AMANA ,56,31,0.71,78.4,43.4
313,EAST PERU,125,51,0.94,133.6,54.5
314,EDDYVILLE,1024,449,1.18,867.0,380.1
318,EDGEWOOD,864,421,0.85,1021.9,497.9
321,ELBERON,196,90,0.65,299.9,137.7
322,ELDON,927,448,1.12,833.0,402.6
323,ELDORA,2732,1275,4.33,631.2,294.6
324,ELDRIDGE,5651,2296,9.48,596.0,242.2
325,ELGIN,683,343,0.66,1032.0,518.3
326,ELKADER,1273,627,1.39,915.7,451.0
327,ELKHART,683,269,1.58,432.9,170.5
328,ELK HORN,662,274,0.77,860.2,356.0
329,ELKPORT,37,15,0.25,148.4,60.2
330,ELK RUN HEIGHTS,1117,465,1.07,1051.4,437.7
331,ELLIOTT,350,168,0.42,839.6,403.0
332,ELLSTON,43,23,0.22,193.4,103.4
333,ELLSWORTH,531,230,0.9,591.8,256.3
334,ELMA,546,272,1.29,423.7,211.1
335,ELY,1776,650,1.44,1232.8,451.2
336,EMERSON,438,203,0.26,1710.0,792.5
337,EMMETSBURG,3904,1836,3.97,1024.6,481.8
338,EPWORTH,1860,651,1.56,1190.3,416.6
339,ESSEX,798,372,1.5,530.3,247.2
340,ESTHERVILLE,6360,2892,5.32,1194.8,543.3
341,EVANSDALE,4751,2048,4.11,1173.3,505.8
342,EVERLY,603,294,1.1,555.3,270.7
343,EXIRA,840,422,1.02,826.5,415.2
344,EXLINE,160,85,0.99,161.3,85.7
345,FAIRBANK,1113,498,0.73,1559.8,697.9
348,FAIRFAX,2123,803,1.95,1096.9,414.9
349,FAIRFIELD,9464,4650,6.42,1511.3,742.5
350,FARLEY,1537,586,1.85,831.3,316.9
351,FARMERSBURG,302,133,0.4,752.2,331.3
352,FARMINGTON,664,337,0.47,1417.1,719.2
353,FARNHAMVILLE,371,201,0.66,568.4,307.9
356,FARRAGUT,485,229,0.41,1194.7,564.1
357,FAYETTE,1338,485,1.48,903.0,327.3
358,FENTON,279,168,0.34,811.8,488.8
359,FERGUSON,126,59,0.26,493.9,231.3
360,FERTILE,370,161,0.94,394.0,171.5
361,FLORIS,138,62,0.48,285.2,128.1
362,FLOYD,335,149,0.6,561.6,249.8
363,FONDA,631,329,1.05,602.9,314.3
364,FONTANELLE,672,336,0.96,703.1,351.6
365,FOREST CITY,4151,1909,4.64,894.3,411.3
368,FORT ATKINSON,349,170,0.31,1114.7,543.0
369,FORT DODGE,25206,11215,16.31,1570.3,698.7
370,FORT MADISON,11051,4956,13.23,1164.2,522.1
371,FOSTORIA,231,94,0.47,487.0,198.2
372,FRANKLIN,143,64,0.15,959.6,429.5
373,FRASER,102,63,0.88,122.7,75.8
374,FREDERICKSBURG,931,462,0.86,1080.5,536.2
375,FREDERIKA,183,118,0.2,917.3,591.5
376,FREDONIA,244,93,0.17,1473.9,561.8
377,FREMONT,743,327,1.03,719.6,316.7
378,FRUITLAND,977,342,1.8,542.6,189.9
379,FRYTOWN ,165,68,0.81,203.7,83.9
380,GALT,32,17,0.54,59.7,31.7
381,GALVA,434,189,0.71,609.6,265.5
382,GARBER,88,48,0.23,383.0,208.9
383,GARDEN CITY ,89,47,1.0,89.2,47.1
384,GARDEN GROVE,211,103,0.69,304.4,148.6
385,GARNAVILLO,745,359,1.02,728.6,351.1
386,GARNER,3129,1380,2.05,1522.8,671.6
387,GARRISON,371,166,0.25,1504.1,673.0
388,GARWIN,527,254,1.01,524.0,252.5
389,GENEVA,165,74,0.42,390.6,175.2
390,GEORGE,1080,504,2.4,450.5,210.2
391,GIBSON,61,34,0.07,921.3,513.5
392,GILBERT,1082,390,0.91,1185.6,427.3
393,GILBERTVILLE,712,313,0.4,1789.8,786.8
394,GILLETT GROVE,49,30,0.19,255.7,156.6
395,GILMAN,509,253,0.54,940.7,467.6
396,GILMORE CITY,504,277,1.25,404.4,222.2
399,GLADBROOK,945,467,0.7,1357.3,670.8
400,GLENWOOD,5269,2045,2.96,1787.1,693.6
401,GLIDDEN,1146,523,1.11,1035.8,472.7
402,GOLDFIELD,635,313,1.19,532.0,262.2
403,GOODELL,139,77,0.43,325.0,180.0
404,GOOSE LAKE,240,90,0.32,760.4,285.1
405,GOWRIE,1037,489,1.45,715.6,337.4
406,GRAETTINGER,844,440,0.77,1097.0,571.9
407,GRAF,79,30,0.14,567.0,215.3
408,GRAFTON,252,126,0.33,774.8,387.4
409,GRAND JUNCTION,824,383,0.97,852.0,396.0
410,GRAND MOUND,642,253,1.82,352.9,139.1
411,GRAND RIVER,236,128,0.21,1134.8,615.5
412,GRANDVIEW,556,233,0.23,2457.9,1030.0
413,GRANGER,1244,490,1.45,857.8,337.9
416,GRANT,92,54,0.75,124.7,73.2
417,GRANVILLE,312,161,0.29,1089.5,562.2
418,GRAVITY,188,103,0.3,629.9,345.1
419,GRAY,63,36,1.0,63.3,36.2
420,GREELEY,256,108,0.37,687.9,290.2
421,GREENE,1130,575,1.21,994.8,506.2
424,GREENFIELD,1982,1000,1.81,1092.9,551.4
425,GREEN MOUNTAIN ,126,66,0.69,183.7,96.2
426,GREENVILLE,75,34,0.18,423.9,192.2
427,GRIMES,8246,3272,11.87,696.4,276.3
430,GRINNELL,9218,3844,5.64,1647.4,687.0
431,GRISWOLD,1036,507,0.62,1682.9,823.6
432,GRUNDY CENTER,2706,1256,2.53,1070.9,497.1
433,GRUVER,94,40,0.13,722.2,307.3
434,GUERNSEY,63,32,0.18,342.3,173.9
435,GUTHRIE CENTER,1569,796,2.47,635.3,322.3
436,GUTTENBERG,1919,1085,2.12,917.8,518.9
437,HALBUR,246,98,0.19,1261.6,502.6
438,HAMBURG,1187,594,1.1,1081.0,541.0
439,HAMILTON,130,54,0.54,239.5,99.5
440,HAMPTON,4461,1971,4.43,1007.1,445.0
441,HANCOCK,196,95,0.77,263.2,127.6
442,HANLONTOWN,226,96,0.97,232.5,98.8
443,HANSELL,98,52,0.23,430.9,228.6
444,HARCOURT,303,146,1.0,301.5,145.3
445,HARDY,47,26,0.44,106.5,58.9
446,HARLAN,5106,2410,4.39,1162.6,548.7
447,HARPER,114,56,0.09,1283.2,630.3
448,HARPERS FERRY,328,578,0.65,523.4,922.4
449,HARRIS,170,90,0.79,214.5,113.6
450,HARTFORD,771,299,1.03,747.1,289.7
451,HARTLEY,1672,789,1.3,1288.3,608.0
452,HARTWICK,86,40,0.13,642.4,298.8
453,HARVEY,235,117,0.68,347.4,172.9
454,HASTINGS,152,79,0.41,373.7,194.2
455,HAVELOCK,138,87,0.57,243.1,153.3
456,HAVERHILL,173,68,0.13,1312.2,515.8
457,HAWARDEN,2546,1152,3.02,882.3,399.2
458,HAWKEYE,449,227,0.67,668.5,338.0
459,HAYESVILLE,50,25,0.25,197.8,98.9
460,HAYFIELD ,43,25,0.82,52.2,30.4
461,HAZLETON,823,402,0.78,1104.4,539.5
462,HEDRICK,764,356,1.53,498.1,232.1
463,HENDERSON,185,82,0.21,864.2,383.0
464,HEPBURN,23,10,0.08,297.1,129.2
465,HIAWATHA,7024,3310,4.23,1662.0,783.2
466,HIGH AMANA ,115,52,0.38,298.8,135.1
467,HILLS,703,349,0.63,1120.3,556.1
468,HILLSBORO,180,90,0.51,355.6,177.8
469,HINTON,928,374,0.69,1344.7,541.9
470,HOLIDAY LAKE ,433,579,1.7,280.6,375.2
471,HOLLAND,282,113,0.25,1132.7,453.9
472,HOLSTEIN,1396,674,1.5,937.6,452.7
473,HOLY CROSS,374,158,0.34,1115.4,471.2
474,HOMESTEAD ,148,60,1.71,86.3,35.0
475,HOPKINTON,628,294,0.62,1011.2,473.4
476,HORNICK,225,113,0.26,889.8,446.9
477,HOSPERS,698,300,0.48,1443.5,620.4
478,HOUGHTON,146,64,0.31,468.1,205.2
479,HUBBARD,845,396,1.84,459.3,215.3
480,HUDSON,2282,931,8.47,271.5,110.8
481,HULL,2175,764,1.2,1808.5,635.3
482,HUMBOLDT,4690,2246,4.8,1010.3,483.8
483,HUMESTON,494,294,0.62,810.2,482.2
484,HUTCHINS ,28,12,0.3,92.7,39.7
485,HUXLEY,3317,1322,3.15,1053.7,420.0
486,IDA GROVE,2142,1080,2.11,1017.8,513.2
487,IMOGENE,72,28,0.2,359.7,139.9
488,INDEPENDENCE,5966,2745,6.21,982.0,451.8
489,INDIANOLA,14782,5893,11.25,1314.2,523.9
490,INWOOD,814,373,1.34,609.4,279.3
491,IONIA,291,133,0.55,528.6,241.6
492,IOWA CITY,67862,29270,25.28,2713.3,1170.3
493,IOWA FALLS,5238,2462,5.44,977.3,459.3
494,IRETON,609,256,1.01,604.7,254.2
495,IRVINGTON ,38,18,0.94,40.5,19.2
496,IRWIN,341,185,0.6,571.8,310.2
497,JACKSON JUNCTION,58,23,5.99,9.7,3.8
498,JACKSONVILLE ,30,19,0.1,305.0,193.2
499,JAMAICA,224,109,0.46,491.2,239.0
500,JANESVILLE,930,409,1.49,647.6,284.8
503,JEFFERSON,4345,2156,6.01,728.1,361.3
504,JESUP,2520,1015,1.78,1414.7,569.8
507,JEWELL JUNCTION,1215,517,4.0,313.6,133.4
508,JOHNSTON,17278,6618,18.36,1007.0,385.7
509,JOICE,222,106,1.0,221.8,105.9
510,JOLLEY,41,33,0.11,357.8,288.0
511,KALONA,2363,1141,2.04,1155.9,558.2
512,KAMRAR,199,95,0.86,232.7,111.1
513,KANAWHA,652,348,2.01,324.7,173.3
514,KELLERTON,315,161,0.67,477.0,243.8
515,KELLEY,309,127,0.68,451.6,185.6
516,KELLOGG,599,299,0.37,1639.8,818.5
517,KENSETT,266,142,1.53,173.6,92.7
518,KENT ,61,27,0.49,124.6,55.2
519,KEOKUK,10780,5071,10.58,1180.3,555.2
520,KEOMAH VILLAGE,84,48,0.03,2508.6,1433.5
521,KEOSAUQUA,1006,515,1.57,695.5,356.0
522,KEOTA,1009,443,0.63,1602.6,703.6
523,KESWICK,246,118,0.43,567.2,272.1
524,KEYSTONE,622,280,0.45,1377.9,620.3
525,KIMBALLTON,322,157,0.77,419.6,204.6
526,KINGSLEY,1411,610,1.61,877.8,379.5
527,KINROSS,73,37,0.2,369.2,187.1
528,KIRKMAN,64,37,0.28,227.0,131.2
529,KIRKVILLE,167,74,0.56,299.4,132.7
530,KIRON,279,134,0.21,1339.0,643.1
531,KLEMME,507,252,0.51,998.0,496.0
532,KNIERIM,60,28,1.01,59.7,27.8
533,KNOXVILLE,7313,3527,4.63,1581.1,762.5
534,LACONA,361,165,0.36,992.4,453.6
535,LADORA,283,126,0.3,931.8,414.9
536,LAKE CITY,1727,846,4.81,358.9,175.8
537,LAKE MILLS,2100,1055,2.72,778.7,391.2
538,LAKE PANORAMA ,1309,1109,8.29,197.8,167.6
539,LAKE PARK,1105,594,1.62,711.0,382.2
540,LAKESIDE,596,233,0.18,3382.8,1322.5
541,LAKE VIEW,1142,950,2.41,540.1,449.3
542,LAKOTA,255,136,0.19,1374.6,733.1
543,LAMBS GROVE,172,80,0.1,1679.7,781.2
544,LAMONI,2324,927,3.43,696.9,278.0
545,LAMONT,461,212,0.58,790.0,363.3
546,LA MOTTE,260,109,0.46,568.5,238.3
547,LANESBORO,121,74,0.75,162.9,99.6
548,LANSING,999,598,1.18,928.0,555.5
549,LA PORTE CITY,2285,996,2.62,894.9,390.1
550,LARCHWOOD,866,372,0.99,872.1,374.6
551,LARRABEE,132,71,0.12,1066.1,573.4
552,LATIMER,507,230,2.4,211.3,95.9
553,LAUREL,239,122,0.25,952.2,486.1
554,LAURENS,1258,677,0.73,1718.5,924.8
555,LAWLER,439,214,0.9,496.7,242.1
556,LAWTON,908,352,0.71,1272.2,493.2
557,LEANDO ,115,55,2.05,58.6,28.0
558,LE CLAIRE,3765,1602,4.87,806.4,343.1
559,LEDYARD,130,82,0.33,392.6,247.6
560,LE GRAND,938,401,1.05,900.2,384.9
563,LEHIGH,416,231,2.15,199.0,110.5
564,LEIGHTON,162,65,0.1,1704.2,683.8
565,LELAND,289,127,1.36,217.6,95.6
566,LE MARS,9826,4220,8.97,1097.1,471.2
567,LENOX,1407,664,2.06,710.9,335.5
570,LEON,1977,952,3.18,623.2,300.1
571,LE ROY,15,9,0.33,45.5,27.3
572,LESTER,294,115,1.82,161.3,63.1
573,LETTS,384,153,0.59,655.4,261.1
574,LEWIS,433,200,0.5,865.7,399.9
575,LIBERTYVILLE,315,142,0.49,646.2,291.3
576,LIDDERDALE,180,88,2.42,74.5,36.4
577,LIME SPRINGS,505,253,1.02,496.0,248.5
578,LINCOLN,162,81,0.46,352.7,176.4
579,LINDEN,199,92,0.79,251.2,116.1
580,LINEVILLE,217,135,0.9,242.2,150.7
581,LINN GROVE,154,93,0.61,264.2,159.6
582,LISBON,2152,861,2.14,1004.7,402.0
583,LISCOMB,301,127,0.98,306.2,129.2
584,LITTLE CEDAR ,60,30,1.77,33.9,17.0
585,LITTLE ROCK,459,221,0.8,571.8,275.3
586,LITTLE SIOUX,170,108,0.37,457.8,290.9
587,LIVERMORE,384,197,0.7,548.5,281.4
588,LOCKRIDGE,268,123,0.74,360.0,165.2
589,LOGAN,1534,649,1.0,1529.0,646.9
590,LOHRVILLE,368,194,2.14,171.7,90.5
591,LONE ROCK,146,82,0.12,1235.9,694.1
592,LONE TREE,1300,539,1.04,1247.3,517.1
593,LONG GROVE,808,287,1.02,793.6,281.9
594,LORIMOR,360,211,0.38,950.2,556.9
595,LOST NATION,446,221,0.64,702.0,347.9
596,LOVELAND ,35,21,0.06,552.9,331.8
597,LOVILIA,538,228,0.5,1072.5,454.5
598,LOWDEN,789,371,1.02,770.8,362.5
599,LOW MOOR,288,124,0.46,620.0,266.9
600,LUANA,269,119,1.05,255.6,113.1
601,LUCAS,216,112,0.97,223.7,116.0
602,LUTHER,122,59,0.77,157.5,76.2
603,LU VERNE,261,152,2.26,115.5,67.3
606,LUXEMBURG,240,103,0.46,525.4,225.5
607,LUZERNE,96,38,0.12,789.9,312.7
608,LYNNVILLE,379,174,1.11,343.0,157.5
609,LYTTON,315,147,0.2,1588.7,741.4
612,MCCALLSBURG,333,148,0.53,627.5,278.9
613,MCCAUSLAND,291,123,0.57,536.4,226.7
614,MCCLELLAND,151,56,0.17,903.9,335.2
615,MACEDONIA,246,137,0.33,747.6,416.3
616,MCGREGOR,871,509,1.3,669.2,391.0
617,MCINTIRE,122,64,1.01,120.3,63.1
618,MACKSBURG,113,59,1.99,56.9,29.7
619,MADRID,2543,1138,1.19,2139.0,957.2
620,MAGNOLIA,183,87,0.57,322.1,153.1
621,MAHARISHI VEDIC CITY,259,174,3.36,77.1,51.8
622,MALCOM,287,143,0.61,469.4,233.9
623,MALLARD,274,137,0.41,675.6,337.8
624,MALOY,29,15,0.62,47.1,24.4
625,MALVERN,1142,499,1.19,956.7,418.0
626,MANCHESTER,5179,2341,4.69,1107.4,500.6
627,MANILLA,776,369,1.03,751.2,357.2
628,MANLY,1323,601,1.47,902.5,410.0
629,MANNING,1500,719,2.49,603.3,289.2
630,MANSON,1690,860,3.18,532.2,270.8
631,MAPLETON,1224,631,1.6,763.5,393.6
632,MAQUOKETA,6141,2856,4.37,1417.1,659.0
635,MARATHON,237,150,0.74,320.7,203.0
636,MARBLE ROCK,307,150,0.87,370.1,180.8
637,MARCUS,1117,548,1.54,724.8,355.6
638,MARENGO,2528,1154,2.14,1216.0,555.1
639,MARION,34768,15064,16.06,2166.2,938.5
640,MARNE,120,64,0.57,208.8,111.3
641,MARQUETTE,375,216,1.8,215.9,124.4
642,MARSHALLTOWN,27552,11171,19.31,1429.0,579.4
643,MARTELLE,255,122,0.34,760.8,364.0
644,MARTENSDALE,465,198,0.39,1178.0,501.6
645,MARTINSBURG,112,55,0.38,298.6,146.6
646,MARYSVILLE,66,29,0.37,180.1,79.1
647,MASON CITY,28079,13352,28.09,1009.8,480.2
648,MASONVILLE,127,57,0.33,382.9,171.8
649,MASSENA,355,191,0.69,512.3,275.6
650,MATLOCK,87,35,0.37,235.1,94.6
651,MAURICE,275,107,0.55,501.2,195.0
652,MAXWELL,920,365,1.11,831.6,329.9
653,MAYNARD,518,239,1.02,522.2,240.9
654,MAYSVILLE,176,69,0.27,660.1,258.8
655,MECHANICSVILLE,1146,496,0.83,1379.9,597.2
656,MEDIAPOLIS,1560,680,1.2,1295.2,564.6
657,MELBOURNE,830,354,0.57,1467.6,625.9
658,MELCHER-DALLAS,1288,584,1.0,1293.8,586.6
659,MELROSE,112,67,1.01,110.9,66.3
660,MELVIN,214,130,0.18,1206.3,732.8
661,MENLO,353,161,0.47,753.4,343.6
662,MERIDEN,159,84,0.11,1428.2,754.5
663,MERRILL,755,317,0.57,1332.6,559.5
664,MESERVEY,256,139,1.51,169.9,92.2
665,MEYER ,31,14,0.71,43.8,19.8
666,MIDDLE AMANA ,581,251,1.06,549.8,237.5
667,MIDDLETOWN,318,148,0.61,522.1,243.0
668,MILES,445,195,1.15,387.5,169.8
669,MILFORD,2898,1414,2.29,1271.3,620.3
670,MILLER ,60,28,2.1,28.6,13.3
671,MILLERSBURG,159,81,0.14,1176.7,599.4
672,MILLERTON,45,26,0.21,217.1,125.4
673,MILLVILLE,30,12,0.07,449.9,180.0
674,MILO,775,327,0.62,1244.7,525.2
675,MILTON,443,204,2.51,176.6,81.3
676,MINBURN,365,163,0.28,1306.4,583.4
677,MINDEN,599,246,0.42,1433.5,588.7
678,MINEOLA ,166,67,0.41,401.6,162.1
679,MINGO,302,134,0.61,497.0,220.5
680,MISSOURI VALLEY,2838,1291,3.13,907.5,412.8
681,MITCHELL,138,73,0.54,253.5,134.1
682,MITCHELLVILLE,2254,693,2.34,965.6,296.9
685,MODALE,283,146,1.05,270.0,139.3
686,MONA ,34,23,1.49,22.8,15.4
687,MONDAMIN,402,194,0.45,891.0,430.0
688,MONMOUTH,153,69,0.56,272.1,122.7
689,MONONA,1549,725,1.17,1327.6,621.4
690,MONROE,1830,839,1.69,1080.4,495.3
691,MONTEZUMA,1462,692,2.49,589.2,278.9
692,MONTICELLO,3796,1839,6.33,603.1,292.2
693,MONTOUR,249,116,0.46,545.4,254.1
694,MONTROSE,898,405,1.14,801.9,361.7
695,MOORHEAD,226,117,0.32,699.2,362.0
696,MOORLAND,169,85,1.48,114.2,57.4
697,MORAVIA,665,325,1.12,594.3,290.5
700,MORLEY,115,51,0.09,1226.4,543.9
701,MORNING SUN,836,360,0.8,1045.5,450.2
702,MORRISON,94,40,0.1,937.9,399.1
703,MOULTON,605,312,1.01,599.6,309.2
704,MOUNT AUBURN,150,68,0.28,535.1,242.6
705,MOUNT AYR,1691,822,2.69,633.8,308.1
706,MOUNT PLEASANT,8668,3365,8.52,1019.0,395.6
707,MOUNT STERLING,36,20,0.4,90.4,50.2
708,MOUNT UNION,107,54,0.11,955.6,482.3
709,MOUNT VERNON,4506,1397,3.5,1290.2,400.0
710,MOVILLE,1618,669,0.89,1812.4,749.4
711,MURRAY,756,337,0.79,951.9,424.3
712,MUSCATINE,22886,9830,18.35,1323.2,568.3
713,MYSTIC,425,210,2.92,145.6,72.0
714,NASHUA,1663,787,3.14,577.1,273.1
717,NEMAHA,85,36,0.07,1156.0,489.6
718,NEOLA,842,371,0.46,1832.8,807.6
719,NEVADA,6798,2990,5.08,1343.4,590.9
720,NEW ALBIN,522,257,0.24,2150.0,1058.5
721,NEWELL,876,377,1.27,690.9,297.3
722,NEWHALL,875,376,0.32,2769.1,1189.9
723,NEW HAMPTON,3571,1697,3.16,1129.4,536.7
724,NEW HARTFORD,516,234,0.5,1034.8,469.3
725,NEW HAVEN ,91,44,1.93,47.2,22.8
726,NEW LIBERTY,137,60,0.1,1440.5,630.9
727,NEW LONDON,1897,830,1.01,1884.8,824.6
728,NEW MARKET,415,212,0.44,944.9,482.7
729,NEW PROVIDENCE,228,106,1.01,226.4,105.3
730,NEW SHARON,1293,590,0.94,1380.4,629.9
731,NEWTON,15254,7339,11.19,1363.6,656.1
732,NEW VIENNA,407,180,0.44,925.0,409.1
733,NEW VIRGINIA,489,216,0.46,1058.3,467.5
734,NICHOLS,374,150,0.23,1612.3,646.6
735,NODAWAY,114,62,0.54,213.0,115.8
736,NORA SPRINGS,1431,636,2.21,654.8,291.0
739,NORTHBORO,58,30,0.26,227.0,117.4
740,NORTH BUENA VISTA,121,157,1.04,120.5,156.3
741,NORTH ENGLISH,1041,484,0.55,1881.4,874.7
744,NORTH LIBERTY,13374,5761,7.83,1707.4,735.5
745,NORTH WASHINGTON,117,45,0.2,588.9,226.5
746,NORTHWOOD,1989,1004,3.76,528.6,266.8
747,NORWALK,8945,3450,11.1,832.6,321.1
750,NORWAY,545,256,0.45,1222.5,574.3
751,NUMA,92,52,0.44,207.8,117.5
752,OAKLAND,1527,657,1.58,1072.8,461.6
753,OAKLAND ACRES,156,66,0.31,550.9,233.1
754,OAKVILLE,173,95,0.42,413.4,227.0
755,OCHEYEDAN,490,252,1.16,421.4,216.7
756,ODEBOLT,1013,511,1.05,967.2,487.9
757,OELWEIN,6415,3058,4.85,1334.5,636.2
758,OGDEN,2044,904,1.37,1488.2,658.2
759,OKOBOJI,807,1167,1.86,435.6,629.9
760,OLDS,229,105,0.34,678.8,311.2
761,OLIN,698,324,1.04,677.1,314.3
762,OLLIE,215,108,0.99,217.3,109.2
763,ONAWA,2998,1519,5.19,577.9,292.8
764,ONSLOW,197,109,0.22,877.1,485.3
765,ORANGE CITY,6004,2004,3.94,1525.0,509.0
766,ORCHARD,71,33,0.09,803.0,373.2
767,ORIENT,408,186,0.45,898.6,409.6
768,ORLEANS,608,558,1.09,563.4,517.1
769,OSAGE,3619,1756,2.24,1617.2,784.7
770,OSCEOLA,4929,2184,6.68,760.8,337.1
771,OSKALOOSA,11463,5144,7.44,1543.0,692.4
772,OSSIAN,845,360,1.11,762.0,324.6
773,OSTERDOCK,59,23,0.46,128.4,50.0
774,OTHO,542,260,0.46,1183.5,567.8
775,OTO,108,60,0.26,407.8,226.6
776,OTRANTO ,27,14,0.44,61.9,32.1
777,OTTOSEN,55,26,0.57,96.9,45.8
778,OTTUMWA,25023,11257,16.53,1578.0,709.9
779,OWASA,43,19,0.56,76.2,33.7
780,OXFORD,807,350,0.91,888.5,385.3
781,OXFORD JUNCTION,496,262,0.69,716.5,378.5
782,OYENS,103,45,0.09,1098.0,479.7
783,PACIFIC JUNCTION,471,208,0.76,621.8,274.6
784,PACKWOOD,204,96,0.76,268.5,126.4
785,PALMER,165,102,0.42,390.0,241.1
786,PALO,1026,372,1.43,719.4,260.8
787,PANAMA,221,107,0.29,772.8,374.2
788,PANORA,1124,522,1.8,624.4,290.0
789,PANORAMA PARK,129,54,0.05,2409.9,1008.8
790,PARKERSBURG,1870,870,1.42,1321.3,614.7
791,PARK VIEW ,2389,878,1.06,2259.2,830.3
792,PARNELL,193,100,0.17,1116.8,578.7
793,PATON,236,120,0.56,418.4,212.7
794,PATTERSON,130,66,0.2,643.3,326.6
795,PAULLINA,1056,531,0.85,1249.0,628.1
796,PELLA,10352,4086,8.73,1186.0,468.1
797,PEOSTA,1377,456,1.97,698.8,231.4
798,PERCIVAL ,87,37,0.44,197.7,84.1
799,PERRY,7702,3180,4.18,1845.8,762.1
800,PERSIA,319,137,0.47,678.2,291.3
801,PETERSON,334,196,0.31,1085.0,636.7
802,PIERSON,366,170,0.62,593.4,275.6
803,PILOT MOUND,173,99,0.98,176.5,101.0
804,PIONEER,23,9,0.06,361.9,141.6
805,PISGAH,251,143,1.01,249.2,142.0
806,PLAINFIELD,436,197,0.33,1336.5,603.9
807,PLANO,70,37,0.56,124.0,65.6
808,PLEASANT HILL,8785,3587,9.29,960.3,392.1
809,PLEASANTON,49,26,0.35,141.1,74.9
810,PLEASANT PLAIN,93,47,1.02,91.3,46.2
811,PLEASANTVILLE,1694,719,2.54,669.0,283.9
812,PLOVER,77,44,0.54,141.7,81.0
813,PLYMOUTH,382,180,0.44,874.3,412.0
814,POCAHONTAS,1789,953,2.02,887.2,472.6
815,POLK CITY,3418,1276,4.47,791.4,295.4
816,POMEROY,662,350,2.04,324.2,171.4
817,POPEJOY,79,42,0.74,106.8,56.8
818,PORTLAND ,35,18,0.21,165.9,85.3
819,PORTSMOUTH,195,98,0.28,707.2,355.4
820,POSTVILLE,2227,902,2.11,1055.2,427.4
823,PRAIRIEBURG,178,78,0.46,386.1,169.2
824,PRAIRIE CITY,1680,678,1.2,1394.6,562.8
825,PRESCOTT,257,127,0.4,642.6,317.5
826,PRESTON,1012,464,0.96,1051.0,481.9
827,PRIMGHAR,909,444,1.38,657.2,321.0
828,PRINCETON,886,399,2.56,346.0,155.8
829,PROMISE CITY,111,57,0.19,587.3,301.6
830,PROTIVIN,283,167,0.48,584.7,345.0
833,PULASKI,260,117,0.51,507.1,228.2
834,QUASQUETON,554,269,1.17,489.1,237.5
835,QUIMBY,319,152,0.41,781.3,372.3
836,RADCLIFFE,545,281,1.0,546.8,281.9
837,RAKE,225,117,0.81,278.2,144.7
838,RALSTON,79,45,1.99,39.6,22.6
841,RANDALIA,68,37,0.22,313.2,170.4
842,RANDALL,173,79,0.41,420.7,192.1
843,RANDOLPH,168,85,0.32,529.0,267.7
844,RATHBUN,89,51,0.22,410.4,235.2
845,RAYMOND,788,320,1.63,482.9,196.1
846,READLYN,808,346,0.33,2458.8,1052.9
847,REASNOR,152,78,0.55,274.4,140.8
848,REDDING,82,42,1.0,82.4,42.2
849,REDFIELD,835,381,1.4,595.4,271.7
850,RED OAK,5742,2887,4.0,1455.3,731.7
851,REINBECK,1664,802,1.82,913.5,440.3
852,REMBRANDT,203,99,0.2,1000.8,488.1
853,REMSEN,1663,704,1.27,1314.0,556.3
854,RENWICK,242,141,1.0,241.1,140.5
855,RHODES,305,138,1.01,300.8,136.1
856,RICEVILLE,785,389,1.11,714.2,353.9
859,RICHLAND,584,262,0.77,760.5,341.2
860,RICKARDSVILLE,182,74,0.9,202.2,82.2
861,RICKETTS,145,55,0.26,567.5,215.3
862,RIDGEWAY,315,147,1.02,309.3,144.3
863,RINARD,52,32,1.0,52.0,32.0
864,RINGSTED,422,221,1.08,391.2,204.9
865,RIPPEY,292,129,0.84,346.9,153.3
866,RIVERDALE,405,186,2.19,220.7,101.4
867,RIVERSIDE,993,503,1.72,576.7,292.1
868,RIVER SIOUX ,59,32,0.38,155.0,84.1
869,RIVERTON,304,131,0.59,512.0,220.6
870,ROBINS,3142,1072,5.83,539.3,184.0
871,ROCHESTER ,133,62,0.98,139.7,65.1
872,ROCK FALLS,155,74,0.21,733.3,350.1
873,ROCKFORD,860,417,0.63,1361.9,660.4
874,ROCK RAPIDS,2549,1207,3.96,644.2,305.1
875,ROCK VALLEY,3354,1356,3.27,1041.3,421.0
876,ROCKWELL,1039,444,2.98,348.4,148.9
877,ROCKWELL CITY,1709,916,4.21,405.5,217.3
878,RODMAN,45,25,0.17,264.1,146.7
879,RODNEY,60,31,0.16,369.4,190.8
880,ROLAND,1284,534,1.08,1185.1,492.8
881,ROLFE,584,305,1.05,556.3,290.5
882,ROME,117,54,0.13,903.6,417.0
883,ROSE HILL,168,85,0.14,1230.0,622.3
884,ROSEVILLE ,49,17,3.69,13.3,4.6
885,ROSSIE,70,29,0.15,476.4,197.4
886,ROWAN,158,95,0.49,323.1,194.3
887,ROWLEY,264,116,0.36,739.0,324.7
888,ROYAL,446,202,0.3,1485.8,672.9
889,RUDD,369,187,0.87,424.0,214.9
890,RUNNELLS,507,187,0.43,1190.1,438.9
891,RUSSELL,554,250,1.04,534.2,241.1
892,RUTHVEN,737,364,0.42,1760.6,869.6
893,RUTLAND,126,66,0.9,139.8,73.2
894,RYAN,361,171,0.43,841.4,398.5
895,SABULA,576,321,1.26,1425.9,794.7
896,SAC CITY,2220,1165,4.93,456.7,239.7
897,SAGEVILLE,122,57,0.69,177.3,82.9
898,ST. ANSGAR,1107,506,1.03,1073.3,490.6
899,ST. ANTHONY,102,50,0.56,182.0,89.2
900,ST. BENEDICT ,39,21,0.77,50.8,27.4
901,ST. CHARLES,653,270,0.54,1215.2,502.5
902,ST. DONATUS,135,57,0.37,364.2,153.8
903,ST. JOSEPH ,61,23,0.86,70.8,26.7
904,ST. LUCAS,143,85,0.27,537.4,319.4
905,ST. MARYS,127,46,0.14,910.1,329.6
906,ST. OLAF,108,48,0.24,442.4,196.6
907,ST. PAUL,129,53,0.38,339.8,139.6
908,SALEM,383,196,0.61,627.1,320.9
909,SALIX,363,167,1.53,239.6,110.2
910,SANBORN,1404,614,1.9,740.1,323.7
911,SANDYVILLE,51,28,0.51,100.5,55.2
912,SAYLORVILLE ,3301,1331,7.04,469.1,189.1
913,SCARVILLE,72,40,0.08,871.5,484.1
914,SCHALLER,772,341,1.26,613.2,270.9
915,SCHLESWIG,882,419,1.31,679.5,322.8
916,SCRANTON,557,267,1.88,296.8,142.3
917,SEARSBORO,148,77,0.45,329.8,171.6
918,SERGEANT BLUFF,4227,1499,2.11,2003.4,710.5
919,SEXTON ,37,19,2.2,16.8,8.6
920,SEYMOUR,701,348,2.35,298.9,148.4
921,SHAMBAUGH,191,90,0.36,524.5,247.1
922,SHANNON CITY,71,41,0.41,172.4,99.5
925,SHARPSBURG,89,42,0.37,245.6,115.9
926,SHEFFIELD,1172,510,5.58,211.1,91.8
927,SHELBY,641,302,1.74,367.6,173.2
930,SHELDAHL,319,132,0.84,379.4,157.0
934,SHELDON,5188,2365,4.5,1153.9,526.0
937,SHELL ROCK,1296,588,1.66,830.1,376.6
938,SHELLSBURG,983,455,0.77,1282.8,593.8
939,SHENANDOAH,5150,2611,3.75,1374.5,696.9
942,SHERRILL,177,74,0.13,1336.7,558.8
943,SHUEYVILLE,577,210,1.79,323.1,117.6
944,SIBLEY,2798,1269,1.68,1663.0,754.2
945,SIDNEY,1138,514,1.38,824.5,372.4
946,SIGOURNEY,2059,987,2.18,943.2,452.1
947,SILVER CITY,245,116,0.22,1126.3,533.3
948,SIOUX CENTER,7048,2306,6.31,1116.2,365.2
949,SIOUX CITY,82684,33425,58.49,1441.7,582.8
952,SIOUX RAPIDS,775,367,0.82,941.7,445.9
953,SLATER,1489,614,1.26,1180.5,486.8
954,SLOAN,973,447,0.62,1577.6,724.7
955,SMITHLAND,224,109,0.37,606.5,295.1
956,SOLDIER,174,111,0.29,593.3,378.5
957,SOLON,2037,832,1.39,1468.0,599.6
958,SOMERS,113,68,0.35,326.5,196.5
959,SOUTH AMANA ,159,76,1.38,114.8,54.9
960,SOUTH ENGLISH,212,101,0.3,707.2,336.9
961,SPENCER,11233,5431,11.18,1019.8,493.1
962,SPILLVILLE,367,182,0.43,868.9,430.9
963,SPIRIT LAKE,4840,2578,4.65,1045.4,556.8
964,SPRAGUEVILLE,81,46,0.67,121.5,69.0
965,SPRINGBROOK,144,64,0.6,240.8,107.0
966,SPRING HILL,63,30,0.12,522.5,248.8
967,SPRINGVILLE,1074,462,0.72,1498.2,644.5
968,STACYVILLE,494,255,0.54,963.1,497.1
969,STANHOPE,422,209,0.97,435.9,215.9
970,STANLEY,125,49,0.24,519.4,203.6
973,STANTON,689,299,0.92,752.7,326.6
974,STANWOOD,684,295,0.71,956.8,412.6
975,STATE CENTER,1468,630,0.98,1492.1,640.3
976,STEAMBOAT ROCK,310,164,0.54,568.9,301.0
977,STOCKPORT,296,127,1.03,288.6,123.8
978,STOCKTON,197,76,0.11,1813.1,699.5
979,STONE CITY ,192,93,1.8,109.9,53.3
980,STORM LAKE,10600,3791,4.08,2595.1,928.1
981,STORY CITY,3431,1586,2.8,1225.0,566.3
982,STOUT,224,84,0.3,757.5,284.1
983,STRATFORD,743,334,1.91,388.6,174.7
986,STRAWBERRY POINT,1279,622,2.11,605.4,294.4
987,STRUBLE,78,35,0.16,501.9,225.2
988,STUART,1648,746,2.58,639.7,289.6
991,SULLY,821,358,0.58,1407.6,613.8
992,SUMNER,2028,944,2.53,805.1,374.7
995,SUN VALLEY LAKE ,161,309,3.07,66.6,127.8
996,SUPERIOR,130,60,0.41,320.6,148.0
997,SUTHERLAND,649,353,0.87,744.9,405.2
998,SWALEDALE,165,83,0.24,674.1,339.1
999,SWAN,72,31,0.64,111.9,48.2
1000,SWEA CITY,536,314,0.74,728.1,426.5
1001,SWISHER,879,350,0.82,1077.0,428.8
1002,TABOR,1040,451,1.29,807.7,350.2
1005,TAMA,2877,1234,3.41,882.8,378.7
1006,TEMPLETON,362,159,0.43,847.1,372.1
1007,TENNANT,68,36,0.71,95.6,50.6
1008,TERRIL,367,178,0.55,672.7,326.3
1009,THAYER,59,29,0.09,637.4,313.3
1010,THOMPSON,502,285,0.88,572.3,324.9
1011,THOR,186,80,1.0,186.4,80.2
1012,THORNBURG,67,29,0.2,340.5,147.4
1013,THORNTON,422,204,1.25,338.5,163.6
1014,THURMAN,229,91,0.56,411.7,163.6
1015,TIFFIN,1947,848,4.14,471.2,205.2
1016,TINGLEY,184,94,0.68,272.2,139.1
1017,TIPTON,3221,1510,2.09,1540.5,722.2
1018,TITONKA,476,264,0.28,1694.7,939.9
1019,TOETERVILLE ,48,26,0.89,53.8,29.1
1020,TOLEDO,2341,993,2.3,1018.1,431.9
1021,TORONTO,124,59,0.19,665.4,316.6
1022,TRAER,1703,778,1.18,1439.4,657.6
1023,TREYNOR,919,381,0.58,1585.6,657.3
1024,TRIPOLI,1313,568,1.41,931.7,403.0
1025,TRUESDALE,81,40,0.14,570.2,281.6
1026,TRURO,485,187,0.97,497.7,191.9
1027,TURIN,68,38,0.09,764.9,427.4
1028,TWIN LAKES ,334,388,2.87,224.4,260.7
1029,UDELL,47,26,0.32,147.5,81.6
1030,UNDERWOOD,917,336,0.46,1990.7,729.4
1031,UNION,397,200,0.55,722.4,363.9
1032,UNIONVILLE,102,60,0.74,136.9,80.5
1033,UNIVERSITY HEIGHTS,1051,512,0.27,3917.0,1908.2
1034,UNIVERSITY PARK,487,206,0.77,633.3,267.9
1035,URBANA,1458,543,2.2,661.9,246.5
1036,URBANDALE,39463,16319,21.94,1800.3,744.5
1039,UTE,374,209,0.39,949.2,530.5
1040,VAIL,436,189,0.57,763.6,331.0
1041,VALERIA,57,26,0.05,1141.4,520.6
1042,VAN HORNE,682,322,0.63,1083.1,511.4
1043,VAN METER,1016,415,1.3,795.3,324.8
1044,VAN WERT,230,119,0.34,696.4,360.3
1045,VARINA,71,35,0.27,262.3,129.3
1046,VENTURA,717,377,2.44,404.1,212.5
1047,VICTOR,893,430,0.48,1842.6,887.3
1050,VILLISCA,1252,614,1.9,657.8,322.6
1051,VINCENT,174,73,0.25,683.5,286.7
1052,VINING,50,30,0.57,87.2,52.3
1053,VINTON,5257,2299,4.82,1109.8,485.4
1054,VOLGA,208,107,0.78,265.7,136.7
1055,WADENA,262,123,0.74,354.6,166.5
1056,WAHPETON,341,743,1.24,281.9,614.2
1057,WALCOTT,1629,806,3.49,469.8,232.5
1060,WALFORD,1463,492,1.11,1323.9,445.2
1063,WALKER,791,309,0.77,1044.9,408.2
1064,WALLINGFORD,197,87,0.97,202.5,89.4
1065,WALL LAKE,819,366,1.23,664.9,297.1
1066,WALNUT,785,411,2.15,364.6,190.9
1067,WAPELLO,2067,889,1.34,1596.8,686.8
1068,WASHBURN ,876,389,1.25,708.6,314.7
1069,WASHINGTON,7266,3301,4.92,1478.0,671.5
1070,WASHTA,248,123,1.04,237.5,117.8
1071,WATERLOO,68406,30723,63.23,1114.3,500.5
1072,WATERVILLE,144,61,0.43,335.3,142.0
1073,WATKINS ,118,60,0.41,285.0,144.9
1074,WAUCOMA,257,134,0.43,593.9,309.6
1075,WAUKEE,13790,5378,12.99,1063.1,414.6
1076,WAUKON,3897,1946,2.82,1383.0,690.6
1077,WAVERLY,9874,3732,11.51,897.1,339.1
1078,WAYLAND,966,417,1.01,960.0,414.4
1079,WEBB,141,78,0.5,281.4,155.7
1080,WEBSTER,88,50,0.32,272.3,154.7
1081,WEBSTER CITY,8070,3800,8.88,910.4,428.7
1082,WELDON,125,58,0.18,689.1,319.7
1083,WELLMAN,1408,659,1.14,1238.7,579.8
1084,WELLSBURG,707,367,1.09,647.5,336.1
1085,WELTON,165,62,0.27,601.1,225.9
1086,WESLEY,390,197,0.58,677.2,342.0
1087,WEST AMANA ,135,66,0.27,495.9,242.4
1088,WEST BEND,785,396,0.89,886.8,447.3
1091,WEST BRANCH,2322,990,3.19,727.6,310.2
1094,WEST BURLINGTON,2968,1479,4.95,599.3,298.6
1095,WEST CHESTER,146,75,0.25,576.5,296.1
1096,WEST DES MOINES,56609,26219,39.48,1467.0,679.4
1100,WESTFIELD,132,73,0.13,1032.2,570.9
1101,WESTGATE,211,97,0.36,594.0,273.1
1102,WEST LIBERTY,3736,1316,1.73,2153.8,758.7
1103,WEST OKOBOJI,289,382,1.4,225.9,298.6
1104,WESTON ,92,35,0.41,224.7,85.5
1105,WESTPHALIA,127,62,0.1,1330.0,649.3
1106,WEST POINT,966,452,0.61,1588.3,743.2
1107,WESTSIDE,299,150,1.47,203.2,101.9
1108,WEST UNION,2486,1240,2.78,895.5,446.6
1109,WESTWOOD,112,47,0.16,735.3,308.6
1110,WHAT CHEER,646,347,1.24,528.0,283.6
1111,WHEATLAND,764,317,0.6,1263.0,524.0
1112,WHITING,762,340,1.0,759.6,338.9
1113,WHITTEMORE,504,250,0.42,1198.9,594.7
1114,WHITTEN,149,66,0.54,276.1,122.3
1115,WILLEY,88,35,0.25,354.4,140.9
1116,WILLIAMS,344,183,0.87,395.1,210.2
1117,WILLIAMSBURG,3068,1428,3.75,820.7,382.0
1118,WILLIAMSON,152,82,0.32,472.9,255.1
1119,WILTON,2802,1231,1.95,1438.4,631.9
1122,WINDSOR HEIGHTS,4860,2289,1.41,3439.8,1620.1
1123,WINFIELD,1134,482,1.05,1080.5,459.3
1124,WINTERSET,5190,2267,4.72,1134.2,495.4
1125,WINTHROP,850,357,0.84,1008.4,423.5
1126,WIOTA,116,78,0.32,367.1,246.9
1127,WODEN,229,122,0.42,541.6,288.5
1128,WOODBINE,1459,679,1.33,1141.1,531.1
1129,WOODBURN,202,89,0.64,317.5,139.9
1130,WOODWARD,1024,503,2.46,415.6,204.1
1131,WOOLSTOCK,168,100,1.06,158.5,94.3
1132,WORTHINGTON,401,162,0.38,1041.6,420.8
1133,WYOMING,515,283,0.51,1010.4,555.2
1134,YALE,246,129,0.27,900.5,472.2
1135,YETTER,34,20,0.13,270.7,159.2
1136,YORKTOWN,85,37,0.27,312.5,136.0
1137,ZEARING,554,245,0.75,740.0,327.3
1138,ZWINGLE,91,49,0.16,582.2,313.5
